Date,Open,High,Low,Close,Adj Close,Volume
2020-03-19,12.0,12.0,12.0,12.0,11.625089645385742,100.0
2020-03-20,13.0,13.0,12.0,12.75,12.351656913757324,2300.0
2020-03-23,12.75,12.75,11.5,11.539999961853027,11.179460525512695,18700.0
2020-03-24,12.899999618530273,12.899999618530273,11.5,11.699999809265137,11.334464073181152,96100.0
2020-03-25,11.800000190734863,13.449999809265137,11.800000190734863,13.449999809265137,13.029788970947266,19200.0
2020-03-26,14.0,15.449999809265137,14.0,15.449999809265137,14.967304229736328,76400.0
2020-03-27,15.0,16.0,14.550000190734863,14.550000190734863,14.095423698425293,486500.0
2020-03-30,15.25,16.5,15.25,15.899999618530273,15.40324592590332,210000.0
2020-03-31,16.389999389648438,17.25,14.5600004196167,17.25,16.711069107055664,461500.0
2020-04-01,16.0,16.0,14.5600004196167,15.050000190734863,14.579800605773926,2998900.0
2020-04-02,15.65999984741211,15.899999618530273,12.119999885559082,13.279999732971191,12.86509895324707,15966300.0
2020-04-03,13.75,17.0,13.380000114440918,16.920000076293945,16.39137840270996,66934300.0
2020-04-06,17.059999465942383,17.149999618530273,14.850000381469727,15.4399995803833,14.957616806030273,37138000.0
2020-04-07,15.199999809265137,15.800000190734863,14.550000190734863,15.25,14.773551940917969,23486000.0
2020-04-08,14.5,15.25,13.729999542236328,14.260000228881836,13.814481735229492,49372700.0
2020-04-09,14.0,15.5,13.899999618530273,14.779999732971191,14.318235397338867,34992600.0
2020-04-13,14.5,14.5,13.979999542236328,13.989999771118164,13.552918434143066,21497400.0
2020-04-14,14.0,14.199999809265137,13.779999732971191,13.869999885559082,13.436665534973145,22350000.0
2020-04-15,13.529999732971191,13.654999732971191,12.9399995803833,13.359999656677246,12.942602157592773,14990700.0
2020-04-16,13.149999618530273,13.25,12.260000228881836,12.890000343322754,12.487286567687988,21745200.0
2020-04-17,13.300000190734863,13.829999923706055,12.930000305175781,13.739999771118164,13.310728073120117,21336500.0
2020-04-20,13.5,14.739999771118164,13.475000381469727,14.449999809265137,13.99854564666748,20032200.0
2020-04-21,14.220000267028809,15.25,14.180000305175781,14.6899995803833,14.231048583984375,16235900.0
2020-04-22,14.949999809265137,15.15999984741211,14.220000267028809,14.789999961853027,14.327925682067871,12539500.0
2020-04-23,14.699999809265137,15.920000076293945,14.609999656677246,15.720000267028809,15.228870391845703,12226000.0
2020-04-24,15.600000381469727,16.670000076293945,15.289999961853027,16.25,15.742310523986816,17390000.0
2020-04-27,16.170000076293945,16.809999465942383,15.975000381469727,16.799999237060547,16.27512550354004,12186100.0
2020-04-28,16.8799991607666,17.75,16.610000610351562,17.0,16.4688777923584,12983800.0
2020-04-29,17.459999084472656,18.079999923706055,17.170000076293945,17.639999389648438,17.088884353637695,12523200.0
2020-04-30,17.219999313354492,17.84000015258789,16.985000610351562,17.709999084472656,17.15669822692871,19094100.0
2020-05-01,17.329999923706055,17.350000381469727,16.6200008392334,16.770000457763672,16.246063232421875,10727200.0
2020-05-04,16.149999618530273,16.520000457763672,15.6899995803833,16.399999618530273,15.88762378692627,9700300.0
2020-05-05,16.68000030517578,16.760000228881836,15.84000015258789,15.970000267028809,15.471057891845703,16298000.0
2020-05-06,16.0,16.3700008392334,15.430000305175781,16.290000915527344,15.7810640335083,10647200.0
2020-05-07,16.209999084472656,17.040000915527344,15.880000114440918,16.40999984741211,15.89731216430664,12454100.0
2020-05-08,17.040000915527344,18.399999618530273,16.934999465942383,18.360000610351562,17.786386489868164,17693300.0
2020-05-11,18.43000030517578,18.75,18.020000457763672,18.350000381469727,17.776700973510742,9574600.0
2020-05-12,18.389999389648438,18.399999618530273,17.690000534057617,17.799999237060547,17.243885040283203,7743200.0
2020-05-13,17.209999084472656,17.437000274658203,16.100000381469727,16.440000534057617,15.926377296447754,10676300.0
2020-05-14,16.020000457763672,16.71500015258789,15.720000267028809,16.549999237060547,16.032936096191406,7797200.0
2020-05-15,16.299999237060547,16.96500015258789,16.0,16.709999084472656,16.187936782836914,7353800.0
2020-05-18,17.299999237060547,17.719999313354492,17.290000915527344,17.549999237060547,17.00169563293457,6135000.0
2020-05-19,17.440000534057617,17.920000076293945,17.149999618530273,17.770000457763672,17.214824676513672,8338100.0
2020-05-20,18.15999984741211,19.049999237060547,18.040000915527344,18.729999542236328,18.14482879638672,11910000.0
2020-05-21,18.540000915527344,19.520000457763672,18.5,19.450000762939453,18.842336654663086,9711500.0
2020-05-22,19.469999313354492,19.860000610351562,18.950000762939453,19.049999237060547,18.4548282623291,5937100.0
2020-05-26,19.610000610351562,20.600000381469727,19.34000015258789,19.510000228881836,18.900461196899414,7305400.0
2020-05-27,19.56999969482422,20.1299991607666,19.43000030517578,19.989999771118164,19.365463256835938,8969700.0
2020-05-28,20.079999923706055,20.459999084472656,19.5049991607666,19.600000381469727,18.98764991760254,8509200.0
2020-05-29,18.959999084472656,20.979999542236328,18.8799991607666,20.469999313354492,19.830469131469727,32990600.0
2020-06-01,20.549999237060547,21.950000762939453,20.549999237060547,21.81999969482422,21.138290405273438,7695700.0
2020-06-02,21.690000534057617,21.82900047302246,20.905000686645508,21.360000610351562,20.69266128540039,8295600.0
2020-06-03,21.469999313354492,22.579999923706055,21.3799991607666,22.219999313354492,21.52579116821289,9636300.0
2020-06-04,22.030000686645508,23.1200008392334,22.030000686645508,22.68000030517578,21.971420288085938,6651900.0
2020-06-05,23.540000915527344,24.399999618530273,23.3799991607666,23.559999465942383,22.823928833007812,7843600.0
2020-06-08,23.6299991607666,24.3799991607666,23.309999465942383,24.3700008392334,23.60862159729004,8570400.0
2020-06-09,23.739999771118164,23.959999084472656,23.209999084472656,23.209999084472656,22.484861373901367,6850000.0
2020-06-10,22.309999465942383,23.149999618530273,22.040000915527344,22.200000762939453,21.506420135498047,10262100.0
2020-06-11,20.15999984741211,21.799999237060547,20.0,21.059999465942383,20.402034759521484,6834800.0
2020-06-12,22.0,22.309999465942383,21.020000457763672,21.540000915527344,20.86703872680664,5212800.0
2020-06-15,20.719999313354492,22.540000915527344,20.6299991607666,21.969999313354492,21.28360366821289,7735600.0
2020-06-16,22.959999084472656,22.979999542236328,21.924999237060547,22.06999969482422,21.38047981262207,7287800.0
2020-06-17,22.170000076293945,22.34000015258789,21.079999923706055,21.260000228881836,20.595788955688477,5737700.0
2020-06-18,21.0,21.889999389648438,21.0,21.25,20.58609962463379,3618900.0
2020-06-19,21.760000228881836,21.850000381469727,21.0,21.450000762939453,20.779850006103516,14451100.0
2020-06-22,21.520000457763672,22.825000762939453,21.309999465942383,22.739999771118164,22.029544830322266,5995500.0
2020-06-23,23.1200008392334,23.239999771118164,22.31999969482422,22.389999389648438,21.690479278564453,5961200.0
2020-06-24,22.100000381469727,22.65999984741211,21.450000762939453,21.81999969482422,21.138290405273438,6825600.0
2020-06-25,21.6200008392334,21.8700008392334,21.03499984741211,21.520000457763672,20.924379348754883,6141000.0
2020-06-26,21.520000457763672,21.739999771118164,20.590999603271484,20.969999313354492,20.389598846435547,21346900.0
2020-06-29,21.079999923706055,22.469999313354492,21.0,22.1200008392334,21.507774353027344,8086000.0
2020-06-30,21.809999465942383,22.40999984741211,21.40999984741211,22.219999313354492,21.605003356933594,7082500.0
2020-07-01,22.31999969482422,23.010000228881836,21.8700008392334,22.610000610351562,21.984210968017578,9181500.0
2020-07-02,22.989999771118164,23.219999313354492,22.56999969482422,22.90999984741211,22.275909423828125,5667400.0
2020-07-06,23.1299991607666,24.290000915527344,23.1299991607666,24.209999084472656,23.53992462158203,7145200.0
2020-07-07,23.760000228881836,24.18000030517578,23.724000930786133,24.010000228881836,23.345460891723633,4671900.0
2020-07-08,23.8799991607666,24.09000015258789,23.459999084472656,23.989999771118164,23.326017379760742,4692100.0
2020-07-09,24.0,24.219999313354492,23.760000228881836,23.90999984741211,23.248228073120117,5470300.0
2020-07-10,23.84000015258789,26.059999465942383,23.719999313354492,24.889999389648438,24.20110321044922,12262400.0
2020-07-13,25.139999389648438,25.209999084472656,23.260000228881836,24.280000686645508,23.607988357543945,8562400.0
2020-07-14,24.299999237060547,25.15999984741211,24.229999542236328,25.149999618530273,24.45390510559082,7218300.0
2020-07-15,25.579999923706055,26.56999969482422,25.540000915527344,26.450000762939453,25.71792984008789,5798700.0
2020-07-16,26.1200008392334,26.989999771118164,25.920000076293945,26.610000610351562,25.873498916625977,4863400.0
2020-07-17,26.889999389648438,26.899999618530273,26.329999923706055,26.479999542236328,25.74709701538086,3187100.0
2020-07-20,26.219999313354492,26.540000915527344,26.065000534057617,26.40999984741211,25.679033279418945,2442800.0
2020-07-21,26.290000915527344,26.799999237060547,26.15999984741211,26.56999969482422,25.83460807800293,4952700.0
2020-07-22,26.34000015258789,27.059999465942383,26.31999969482422,26.600000381469727,25.863779067993164,3503900.0
2020-07-23,26.65999984741211,27.6299991607666,26.520000457763672,27.350000381469727,26.593021392822266,6245400.0
2020-07-24,27.25,27.260000228881836,26.540000915527344,26.579999923706055,25.844327926635742,8293000.0
2020-07-27,26.5,26.780000686645508,26.079999923706055,26.25,25.523462295532227,5734900.0
2020-07-28,26.06999969482422,26.399999618530273,25.850000381469727,26.06999969482422,25.348445892333984,9895100.0
2020-07-29,26.110000610351562,27.719999313354492,26.110000610351562,27.18000030517578,26.427724838256836,12657500.0
2020-07-30,25.850000381469727,27.5,25.600000381469727,26.899999618530273,26.155471801757812,6742900.0
2020-07-31,26.850000381469727,27.354999542236328,26.6299991607666,27.239999771118164,26.48606300354004,9261300.0
2020-08-03,27.239999771118164,27.889999389648438,27.010000228881836,27.6200008392334,26.855548858642578,4115900.0
2020-08-04,27.399999618530273,27.8700008392334,27.15999984741211,27.770000457763672,27.00139617919922,4382200.0
2020-08-05,27.65999984741211,28.174999237060547,27.65999984741211,28.110000610351562,27.331981658935547,4177300.0
2020-08-06,28.020000457763672,28.540000915527344,27.940000534057617,28.270000457763672,27.4875545501709,3648700.0
2020-08-07,28.719999313354492,29.030000686645508,28.440000534057617,28.969999313354492,28.168180465698242,3477900.0
2020-08-10,29.020000457763672,29.56999969482422,28.90999984741211,29.459999084472656,28.64461898803711,3516900.0
2020-08-11,30.15999984741211,30.31999969482422,29.440000534057617,29.489999771118164,28.67378807067871,5113800.0
2020-08-12,29.8700008392334,30.190000534057617,29.6200008392334,29.790000915527344,28.965486526489258,3523800.0
2020-08-13,29.899999618530273,30.280000686645508,29.3700008392334,29.540000915527344,28.7224063873291,3643800.0
2020-08-14,29.709999084472656,30.04800033569336,29.280000686645508,29.520000457763672,28.702957153320312,5008300.0
2020-08-17,29.5,30.184999465942383,29.14299964904785,29.84000015258789,29.01409912109375,4588200.0
2020-08-18,29.719999313354492,30.049999237060547,29.3700008392334,29.459999084472656,28.64461898803711,3412900.0
2020-08-19,29.540000915527344,29.690000534057617,29.1200008392334,29.25,28.440431594848633,3864000.0
2020-08-20,29.020000457763672,29.40999984741211,28.75,29.010000228881836,28.207073211669922,3166800.0
2020-08-21,29.15999984741211,29.81999969482422,29.084999084472656,29.520000457763672,28.702957153320312,3112600.0
2020-08-24,29.760000228881836,30.440000534057617,29.739999771118164,30.3799991607666,29.539154052734375,3117300.0
2020-08-25,30.5,30.80500030517578,30.40999984741211,30.469999313354492,29.626665115356445,3233600.0
2020-08-26,30.510000228881836,31.239999771118164,30.40999984741211,31.030000686645508,30.17116355895996,3316600.0
2020-08-27,31.06999969482422,31.239999771118164,30.15999984741211,30.280000686645508,29.441925048828125,4144700.0
2020-08-28,30.3799991607666,30.475000381469727,29.954999923706055,30.299999237060547,29.46137046813965,3689900.0
2020-08-31,30.190000534057617,30.459999084472656,29.829999923706055,29.850000381469727,29.023828506469727,3572700.0
2020-09-01,29.65999984741211,30.360000610351562,29.170000076293945,30.299999237060547,29.46137046813965,2778500.0
2020-09-02,30.219999313354492,30.950000762939453,29.84000015258789,30.780000686645508,29.928085327148438,3445400.0
2020-09-03,30.5,30.690000534057617,28.959999084472656,29.329999923706055,28.518217086791992,5049400.0
2020-09-04,29.43000030517578,30.094999313354492,28.829999923706055,30.0,29.169673919677734,4277400.0
2020-09-08,29.350000381469727,30.25,29.200000762939453,29.56999969482422,28.751571655273438,4733300.0
2020-09-09,29.93000030517578,30.344999313354492,29.549999237060547,30.1299991607666,29.29607391357422,4782000.0
2020-09-10,29.899999618530273,30.010000228881836,28.579999923706055,29.139999389648438,28.33347511291504,9090300.0
2020-09-11,29.170000076293945,29.645000457763672,29.010000228881836,29.239999771118164,28.430707931518555,4547300.0
2020-09-14,29.399999618530273,29.440000534057617,28.829999923706055,29.149999618530273,28.343196868896484,4299400.0
2020-09-15,29.479999542236328,30.040000915527344,29.301000595092773,29.690000534057617,28.86825180053711,4052100.0
2020-09-16,30.15999984741211,30.53499984741211,29.524999618530273,30.25,29.41275405883789,4884300.0
2020-09-17,29.770000457763672,30.69499969482422,29.3700008392334,30.65999984741211,29.8114070892334,4735100.0
2020-09-18,30.5,31.200000762939453,30.5,30.790000915527344,29.937807083129883,8061000.0
2020-09-21,30.290000915527344,30.770000457763672,29.219999313354492,29.510000228881836,28.6932373046875,4516900.0
2020-09-22,29.510000228881836,30.329999923706055,29.489999771118164,30.260000228881836,29.4224796295166,4719700.0
2020-09-23,30.399999618530273,30.420000076293945,29.100000381469727,29.110000610351562,28.304306030273438,3348800.0
2020-09-24,29.1200008392334,29.969999313354492,28.790000915527344,29.8799991607666,29.052995681762695,4269300.0
2020-09-25,29.399999618530273,30.5,29.350000381469727,30.489999771118164,29.646106719970703,2845700.0
2020-09-28,30.75,31.559999465942383,30.43000030517578,30.739999771118164,29.889192581176758,7027600.0
2020-09-29,30.510000228881836,30.690000534057617,30.079999923706055,30.5,29.655834197998047,6851300.0
2020-09-30,30.610000610351562,31.239999771118164,30.350000381469727,30.540000915527344,29.694730758666992,5066600.0
2020-10-01,30.719999313354492,31.059999465942383,30.549999237060547,30.770000457763672,29.91836166381836,3730300.0
2020-10-02,30.34000015258789,31.520000457763672,30.260000228881836,31.229999542236328,30.365629196166992,2483100.0
2020-10-05,31.639999389648438,32.470001220703125,31.639999389648438,32.08000183105469,31.19210433959961,5088600.0
2020-10-06,32.34000015258789,32.38999938964844,31.450000762939453,31.510000228881836,30.637882232666016,2439400.0
2020-10-07,31.93000030517578,32.290000915527344,31.889999389648438,32.119998931884766,31.230998992919922,2209700.0
2020-10-08,32.310001373291016,32.46699905395508,31.6299991607666,31.950000762939453,31.065704345703125,2276400.0
2020-10-09,31.90999984741211,32.54999923706055,31.709999084472656,32.22999954223633,31.337953567504883,2700800.0
2020-10-12,32.59000015258789,33.15999984741211,32.20000076293945,33.0,32.08664321899414,3302600.0
2020-10-13,33.29999923706055,33.470001220703125,32.040000915527344,32.4900016784668,31.590755462646484,3534500.0
2020-10-14,32.68000030517578,33.04999923706055,32.43000030517578,32.5099983215332,31.610200881958008,3443600.0
2020-10-15,32.09000015258789,32.65999984741211,32.0099983215332,32.599998474121094,31.697710037231445,2691600.0
2020-10-16,32.91999816894531,33.27000045776367,32.41999816894531,32.7599983215332,31.853281021118164,3723000.0
2020-10-19,32.79999923706055,33.0,32.06999969482422,32.31999969482422,31.425458908081055,5529300.0
2020-10-20,32.45000076293945,33.79999923706055,32.349998474121094,33.22999954223633,32.310272216796875,3944800.0
2020-10-21,33.060001373291016,33.439998626708984,32.900001525878906,33.349998474121094,32.42695236206055,2909800.0
2020-10-22,33.150001525878906,34.130001068115234,33.150001525878906,33.88999938964844,32.95200729370117,3987700.0
2020-10-23,33.900001525878906,34.959999084472656,33.86000061035156,34.93000030517578,33.96322250366211,5072400.0
2020-10-26,34.45000076293945,34.45000076293945,33.27000045776367,33.709999084472656,32.77698516845703,5196800.0
2020-10-27,33.83000183105469,33.939998626708984,33.11000061035156,33.599998474121094,32.6700325012207,4032300.0
2020-10-28,32.93000030517578,33.7599983215332,32.7599983215332,33.29999923706055,32.37833786010742,6485900.0
2020-10-29,33.790000915527344,34.779998779296875,32.93000030517578,34.06999969482422,33.20679473876953,11949600.0
2020-10-30,33.970001220703125,34.880001068115234,33.0,33.38999938964844,32.544029235839844,6741100.0
2020-11-02,34.0,35.130001068115234,33.869998931884766,35.099998474121094,34.2107048034668,6313000.0
2020-11-03,35.45000076293945,37.0099983215332,35.43000030517578,36.95000076293945,36.013832092285156,6733100.0
2020-11-04,35.630001068115234,37.400001525878906,35.5,36.779998779296875,35.848140716552734,9039400.0
2020-11-05,37.5099983215332,38.29999923706055,37.380001068115234,38.20000076293945,37.2321662902832,5778100.0
2020-11-06,38.529998779296875,39.029998779296875,38.14500045776367,38.95000076293945,37.963165283203125,3443000.0
2020-11-09,40.7400016784668,41.29999923706055,38.68000030517578,38.79999923706055,37.816959381103516,7186400.0
2020-11-10,39.029998779296875,39.349998474121094,37.58000183105469,37.810001373291016,36.852046966552734,5588400.0
2020-11-11,38.4900016784668,38.72999954223633,37.88999938964844,38.060001373291016,37.09571838378906,4633000.0
2020-11-12,38.0,38.935001373291016,37.78499984741211,37.959999084472656,36.99824523925781,8192500.0
2020-11-13,38.22999954223633,38.61000061035156,38.13999938964844,38.290000915527344,37.31988525390625,5498900.0
2020-11-16,39.2400016784668,40.5099983215332,38.47999954223633,40.5,39.47389221191406,6135600.0
2020-11-17,41.45000076293945,41.47999954223633,39.86000061035156,40.36000061035156,39.33742904663086,6882700.0
2020-11-18,40.279998779296875,40.59000015258789,39.369998931884766,39.38999938964844,38.39200973510742,5997200.0
2020-11-19,39.0,39.279998779296875,38.5099983215332,39.130001068115234,38.13859939575195,8524800.0
2020-11-20,38.93000030517578,39.099998474121094,38.209999084472656,38.540000915527344,37.56354522705078,4338700.0
2020-11-23,39.0,39.13999938964844,38.400001525878906,38.77000045776367,37.787723541259766,6231700.0
2020-11-24,38.939998626708984,39.564998626708984,38.43000030517578,39.369998931884766,38.372520446777344,7022300.0
2020-11-25,39.060001373291016,39.2400016784668,38.52000045776367,38.61000061035156,37.63178253173828,4280300.0
2020-11-27,38.689998626708984,38.84000015258789,37.459999084472656,37.810001373291016,36.852046966552734,5923500.0
2020-11-30,37.75,38.47999954223633,37.40999984741211,38.06999969482422,37.1054573059082,21169200.0
2020-12-01,38.63999938964844,38.939998626708984,37.54999923706055,37.599998474121094,36.64735794067383,6595200.0
2020-12-02,37.189998626708984,37.279998779296875,36.560001373291016,36.83000183105469,35.896873474121094,5578000.0
2020-12-03,37.189998626708984,37.77000045776367,36.599998474121094,36.689998626708984,35.76041793823242,5411900.0
2020-12-04,37.27000045776367,37.970001220703125,37.05500030517578,37.70000076293945,36.74483108520508,5534700.0
2020-12-07,37.54999923706055,37.70000076293945,36.709999084472656,36.84000015258789,35.9066162109375,3825100.0
2020-12-08,36.63999938964844,37.56999969482422,36.61000061035156,37.29999923706055,36.3549690246582,4022800.0
2020-12-09,37.40999984741211,37.9900016784668,37.38999938964844,37.84000015258789,36.88127899169922,4134800.0
2020-12-10,37.66999816894531,38.470001220703125,37.266998291015625,37.540000915527344,36.58888626098633,4095700.0
2020-12-11,37.15999984741211,37.38999938964844,36.7599983215332,37.15999984741211,36.21851348876953,3102600.0
2020-12-14,37.5,37.54999923706055,36.52000045776367,36.619998931884766,35.692195892333984,6301200.0
2020-12-15,37.099998474121094,37.90999984741211,36.52000045776367,37.66999816894531,36.7155876159668,4832100.0
2020-12-16,37.72999954223633,38.02000045776367,37.34000015258789,38.0,37.03723907470703,3990600.0
2020-12-17,38.40999984741211,38.8650016784668,38.25,38.70000076293945,37.71949768066406,4095200.0
2020-12-18,38.75,38.86000061035156,37.61000061035156,38.790000915527344,37.80721664428711,9683100.0
2020-12-21,38.0,38.720001220703125,37.930999755859375,38.52000045776367,37.54405975341797,2835900.0
2020-12-22,38.290000915527344,38.52000045776367,37.86000061035156,38.029998779296875,37.18230056762695,3303800.0
2020-12-23,38.119998931884766,38.400001525878906,37.79999923706055,38.15999984741211,37.309410095214844,2367600.0
2020-12-24,37.90999984741211,38.2400016784668,37.849998474121094,37.88999938964844,37.04542541503906,1395100.0
2020-12-28,38.11000061035156,39.43000030517578,37.75,37.7599983215332,36.91831970214844,3209700.0
2020-12-29,38.0,38.18000030517578,36.68000030517578,37.16999816894531,36.341468811035156,3748700.0
2020-12-30,37.310001373291016,37.79999923706055,37.25,37.72999954223633,36.88898849487305,3051000.0
2020-12-31,37.619998931884766,37.810001373291016,36.91999816894531,37.720001220703125,36.879215240478516,2096800.0
2021-01-04,38.349998474121094,38.380001068115234,36.97999954223633,37.029998779296875,36.204586029052734,4584200.0
2021-01-05,37.0,38.18000030517578,36.79999923706055,37.939998626708984,37.09431457519531,3701500.0
2021-01-06,38.31999969482422,40.2599983215332,38.31999969482422,40.04999923706055,39.15726852416992,6211500.0
2021-01-07,40.40999984741211,41.189998626708984,40.0,41.09000015258789,40.174095153808594,7771900.0
2021-01-08,41.20000076293945,41.349998474121094,40.0,40.689998626708984,39.78300857543945,6964100.0
2021-01-11,39.880001068115234,41.84299850463867,39.849998474121094,41.56999969482422,40.643394470214844,3761400.0
2021-01-12,41.560001373291016,41.939998626708984,41.04999923706055,41.7400016784668,40.809608459472656,4436100.0
2021-01-13,41.41999816894531,41.88999938964844,40.83000183105469,41.380001068115234,40.4576301574707,3948600.0
2021-01-14,41.400001525878906,41.59000015258789,40.72999954223633,40.79999923706055,39.89055252075195,3748900.0
2021-01-15,40.599998474121094,40.599998474121094,39.57099914550781,40.380001068115234,39.47991943359375,4501100.0
2021-01-19,40.70000076293945,40.97999954223633,40.20000076293945,40.369998931884766,39.47014236450195,3383000.0
2021-01-20,40.40999984741211,40.40999984741211,39.689998626708984,40.040000915527344,39.147499084472656,4654700.0
2021-01-21,40.400001525878906,40.400001525878906,39.209999084472656,39.7400016784668,38.854190826416016,4647200.0
2021-01-22,39.20000076293945,40.11000061035156,39.099998474121094,39.5099983215332,38.62931442260742,2585000.0
2021-01-25,38.970001220703125,39.05699920654297,37.20000076293945,38.88999938964844,38.02313232421875,9176800.0
2021-01-26,38.88999938964844,39.04999923706055,37.29999923706055,37.31999969482422,36.48813247680664,4945100.0
2021-01-27,36.599998474121094,36.779998779296875,34.209999084472656,36.22999954223633,35.42242431640625,8138300.0
2021-01-28,36.810001373291016,38.45000076293945,36.42100143432617,38.20000076293945,37.348514556884766,8108500.0
2021-01-29,37.88999938964844,38.79999923706055,37.77000045776367,38.5,37.64182662963867,16346400.0
2021-02-01,39.20000076293945,39.45000076293945,38.54999923706055,38.65999984741211,37.79825973510742,4731700.0
2021-02-02,39.119998931884766,39.400001525878906,38.43000030517578,38.47999954223633,37.622276306152344,2902000.0
2021-02-03,38.29999923706055,38.65999984741211,37.95600128173828,38.150001525878906,37.299625396728516,2987900.0
2021-02-04,38.369998931884766,38.529998779296875,37.86000061035156,38.33000183105469,37.47562026977539,3439000.0
2021-02-05,38.0,39.9900016784668,38.0,39.150001525878906,38.277339935302734,4409600.0
2021-02-08,39.529998779296875,40.119998931884766,39.34000015258789,39.70000076293945,38.81507873535156,4544800.0
2021-02-09,37.099998474121094,38.279998779296875,36.95000076293945,37.25,36.4196891784668,12941200.0
2021-02-10,37.65999984741211,37.95000076293945,36.79999923706055,37.189998626708984,36.361026763916016,7926400.0
2021-02-11,37.29999923706055,37.474998474121094,36.630001068115234,37.20000076293945,36.37080383300781,11064800.0
2021-02-12,37.0,37.400001525878906,36.7599983215332,37.279998779296875,36.44901657104492,5472800.0
2021-02-16,37.459999084472656,37.525001525878906,36.775001525878906,37.40999984741211,36.57611846923828,4174600.0
2021-02-17,37.22999954223633,37.36899948120117,36.70000076293945,37.2400016784668,36.409915924072266,3844400.0
2021-02-18,37.09000015258789,37.22999954223633,36.36199951171875,36.650001525878906,35.83306884765625,3961800.0
2021-02-19,37.0,37.7599983215332,36.959999084472656,37.63999938964844,36.800994873046875,3225600.0
2021-02-22,37.40999984741211,37.869998931884766,37.27000045776367,37.29999923706055,36.46857452392578,3017600.0
2021-02-23,36.83000183105469,37.189998626708984,35.81999969482422,37.099998474121094,36.27302932739258,4340100.0
2021-02-24,36.86000061035156,37.5099983215332,36.69499969482422,37.45000076293945,36.615234375,5952400.0
2021-02-25,37.06999969482422,37.27000045776367,35.939998626708984,36.13999938964844,35.334434509277344,4449900.0
2021-02-26,36.38999938964844,37.0,36.02000045776367,36.529998779296875,35.71574020385742,5375200.0
2021-03-01,36.7599983215332,37.564998626708984,36.720001220703125,37.20000076293945,36.37080383300781,4156800.0
2021-03-02,37.400001525878906,37.41999816894531,36.68000030517578,37.13999938964844,36.312137603759766,4431900.0
2021-03-03,36.849998474121094,37.577999114990234,36.630001068115234,37.119998931884766,36.29258346557617,7100100.0
2021-03-04,36.95000076293945,37.209999084472656,35.060001373291016,35.52000045776367,34.72825622558594,6859200.0
2021-03-05,36.119998931884766,37.040000915527344,34.75,36.939998626708984,36.11659622192383,7047300.0
2021-03-08,36.790000915527344,37.790000915527344,36.29999923706055,37.060001373291016,36.233924865722656,4659800.0
2021-03-09,37.349998474121094,37.709999084472656,37.099998474121094,37.119998931884766,36.29258346557617,3643400.0
2021-03-10,37.61000061035156,39.099998474121094,37.47999954223633,38.779998779296875,37.91558837890625,6976500.0
2021-03-11,39.27000045776367,39.56999969482422,38.61000061035156,39.22999954223633,38.35555648803711,5156100.0
2021-03-12,39.0,39.619998931884766,38.91999816894531,39.59000015258789,38.7075309753418,2546200.0
2021-03-15,39.220001220703125,39.7400016784668,39.099998474121094,39.599998474121094,38.717308044433594,3634300.0
2021-03-16,39.619998931884766,39.650001525878906,38.310001373291016,38.56999969482422,37.71026611328125,5740800.0
2021-03-17,38.810001373291016,39.36000061035156,38.43000030517578,39.349998474121094,38.472877502441406,4066000.0
2021-03-18,39.400001525878906,41.599998474121094,39.400001525878906,41.0,40.086097717285156,10045200.0
2021-03-19,41.22999954223633,41.310001373291016,40.58100128173828,40.90999984741211,39.99810791015625,11066100.0
2021-03-22,40.619998931884766,41.689998626708984,39.849998474121094,41.40999984741211,40.486961364746094,10396900.0
2021-03-23,40.91999816894531,41.4900016784668,40.05500030517578,40.290000915527344,39.39192199707031,11248200.0
2021-03-24,40.5,41.22999954223633,40.130001068115234,40.13999938964844,39.245269775390625,8587400.0
2021-03-25,40.189998626708984,40.474998474121094,39.58000183105469,40.349998474121094,39.45058059692383,8091900.0
2021-03-26,40.81999969482422,41.13999938964844,39.83000183105469,41.09000015258789,40.174095153808594,5120300.0
2021-03-29,42.209999084472656,42.97999954223633,41.95199966430664,42.34000015258789,41.39623260498047,7698800.0
2021-03-30,42.06999969482422,42.91999816894531,41.790000915527344,42.36000061035156,41.41578674316406,3982200.0
2021-03-31,43.0,43.47999954223633,42.029998779296875,42.220001220703125,41.27891159057617,7297800.0
2021-04-01,42.22999954223633,42.400001525878906,41.86000061035156,42.02000045776367,41.0833625793457,4759900.0
2021-04-05,42.38999938964844,42.91999816894531,42.33000183105469,42.58000183105469,41.630882263183594,5731800.0
2021-04-06,42.63999938964844,43.29999923706055,42.29999923706055,42.810001373291016,41.85575866699219,6692600.0
2021-04-07,42.560001373291016,42.84000015258789,42.13999938964844,42.689998626708984,41.73843002319336,6117300.0
2021-04-08,42.58000183105469,43.0,42.04999923706055,42.529998779296875,41.581993103027344,5212400.0
2021-04-09,42.849998474121094,43.060001373291016,42.2599983215332,42.75,41.797096252441406,5578100.0
2021-04-12,42.79999923706055,43.005001068115234,42.47999954223633,42.599998474121094,41.65043258666992,5868600.0
2021-04-13,42.4900016784668,43.369998931884766,42.2400016784668,43.15999984741211,42.19794845581055,7778500.0
2021-04-14,43.130001068115234,43.779998779296875,43.060001373291016,43.130001068115234,42.16862487792969,4651100.0
2021-04-15,43.20000076293945,43.77000045776367,42.70000076293945,43.59000015258789,42.618370056152344,7090900.0
2021-04-16,43.880001068115234,44.279998779296875,43.439998626708984,43.880001068115234,42.90190124511719,5575700.0
2021-04-19,44.0,44.64500045776367,43.66999816894531,43.869998931884766,42.89212417602539,10654900.0
2021-04-20,43.58000183105469,43.66999816894531,42.0099983215332,42.52000045776367,41.57221984863281,6545400.0
2021-04-21,42.5,43.125,42.20000076293945,43.060001373291016,42.10018539428711,4288100.0
2021-04-22,43.2400016784668,43.709999084472656,42.849998474121094,43.09000015258789,42.129512786865234,6473400.0
2021-04-23,43.36000061035156,44.560001373291016,43.06999969482422,44.470001220703125,43.478755950927734,6615300.0
2021-04-26,44.81999969482422,45.15999984741211,44.02000045776367,44.099998474121094,43.117000579833984,4019400.0
2021-04-27,44.150001525878906,45.040000915527344,44.0,44.959999084472656,43.95782470703125,6740600.0
2021-04-28,44.939998626708984,45.31999969482422,44.470001220703125,44.4900016784668,43.49830627441406,6560200.0
2021-04-29,43.970001220703125,44.880001068115234,43.38999938964844,44.150001525878906,43.16588592529297,9151900.0
2021-04-30,43.68000030517578,43.849998474121094,42.9900016784668,43.58000183105469,42.7247200012207,7279100.0
2021-05-03,44.119998931884766,44.189998626708984,43.18000030517578,43.459999084472656,42.60707473754883,3928800.0
2021-05-04,43.15999984741211,43.36000061035156,42.779998779296875,43.130001068115234,42.28355407714844,9900900.0
2021-05-05,43.470001220703125,43.779998779296875,43.150001525878906,43.27000045776367,42.42080307006836,6946100.0
2021-05-06,43.34000015258789,44.189998626708984,43.15999984741211,44.15999984741211,43.293338775634766,6237900.0
2021-05-07,44.119998931884766,45.26499938964844,43.869998931884766,44.84000015258789,43.959991455078125,5266100.0
2021-05-10,44.88999938964844,45.650001525878906,44.88999938964844,45.40999984741211,44.518802642822266,5929800.0
2021-05-11,45.119998931884766,45.119998931884766,44.0099983215332,44.5,43.62666702270508,8457300.0
2021-05-12,44.2400016784668,44.439998626708984,42.38999938964844,42.43000030517578,41.597286224365234,7542300.0
2021-05-13,42.68000030517578,43.63999938964844,42.5099983215332,43.25,42.40119171142578,5084200.0
2021-05-14,43.61000061035156,44.08000183105469,43.45000076293945,43.63999938964844,42.783538818359375,4398200.0
2021-05-17,43.52000045776367,44.33000183105469,43.459999084472656,44.16999816894531,43.30313491821289,6998700.0
2021-05-18,44.275001525878906,44.47999954223633,43.540000915527344,43.65999984741211,42.80314636230469,6355800.0
2021-05-19,43.2400016784668,43.630001068115234,42.70000076293945,43.439998626708984,42.58746337890625,5250300.0
2021-05-20,43.560001373291016,44.06999969482422,43.209999084472656,43.88999938964844,43.02863311767578,4046000.0
2021-05-21,44.16999816894531,44.720001220703125,43.869998931884766,43.880001068115234,43.018829345703125,5536500.0
2021-05-24,44.08000183105469,44.68000030517578,43.93000030517578,44.380001068115234,43.50901794433594,5125600.0
2021-05-25,44.650001525878906,45.18000030517578,44.5099983215332,44.720001220703125,43.84234619140625,7026800.0
2021-05-26,44.779998779296875,45.029998779296875,44.525001525878906,44.720001220703125,43.84234619140625,6345000.0
2021-05-27,45.06999969482422,45.47999954223633,44.84000015258789,45.310001373291016,44.420772552490234,12343700.0
2021-05-28,45.69499969482422,46.130001068115234,45.40999984741211,45.93000030517578,45.02859878540039,4197100.0
2021-06-01,46.61000061035156,47.09000015258789,46.58000183105469,46.849998474121094,45.930538177490234,6199300.0
2021-06-02,46.7599983215332,46.935001373291016,45.90999984741211,46.04999923706055,45.146244049072266,5729600.0
2021-06-03,45.72999954223633,46.18000030517578,45.13999938964844,45.72999954223633,44.83251953125,4230800.0
2021-06-04,45.95000076293945,46.04999923706055,45.7599983215332,45.88999938964844,44.9893798828125,4016900.0
2021-06-07,46.18000030517578,46.369998931884766,45.869998931884766,46.060001373291016,45.15604782104492,2982400.0
2021-06-08,46.20000076293945,46.459999084472656,45.790000915527344,46.36000061035156,45.45016098022461,3174000.0
2021-06-09,46.29999923706055,46.529998779296875,45.9900016784668,46.189998626708984,45.28349304199219,4567000.0
2021-06-10,46.40999984741211,46.630001068115234,45.779998779296875,45.86000061035156,44.95997619628906,5163900.0
2021-06-11,46.16999816894531,46.279998779296875,45.65999984741211,46.099998474121094,45.19526290893555,4065700.0
2021-06-14,46.099998474121094,46.290000915527344,45.76100158691406,46.209999084472656,45.303104400634766,3427700.0
2021-06-15,46.290000915527344,46.599998474121094,45.81999969482422,46.529998779296875,45.616817474365234,3962900.0
2021-06-16,46.72999954223633,47.132999420166016,46.474998474121094,46.90999984741211,45.98936462402344,6778600.0
2021-06-17,46.900001525878906,46.90999984741211,45.11000061035156,46.130001068115234,45.224674224853516,6200000.0
2021-06-18,45.43000030517578,45.86000061035156,45.02000045776367,45.04999923706055,44.165870666503906,7343600.0
2021-06-21,45.400001525878906,46.61000061035156,45.29999923706055,46.5,45.58741760253906,4158800.0
2021-06-22,46.599998474121094,46.70000076293945,46.0099983215332,46.11000061035156,45.2050666809082,4046100.0
2021-06-23,46.5,46.63999938964844,45.689998626708984,46.099998474121094,45.31318664550781,3100600.0
2021-06-24,46.25,46.38999938964844,45.95000076293945,46.220001220703125,45.4311408996582,3007300.0
2021-06-25,46.33000183105469,47.16999816894531,46.2400016784668,47.060001373291016,46.256805419921875,8003600.0
2021-06-28,47.060001373291016,47.939998626708984,46.67499923706055,47.880001068115234,47.06281280517578,6283700.0
2021-06-29,48.029998779296875,49.099998474121094,48.029998779296875,48.709999084472656,47.87864685058594,9447900.0
2021-06-30,48.459999084472656,48.9900016784668,48.25,48.599998474121094,47.7705192565918,4915700.0
2021-07-01,48.619998931884766,48.88999938964844,48.310001373291016,48.75,47.9179573059082,3466300.0
2021-07-02,48.79999923706055,48.900001525878906,48.439998626708984,48.52000045776367,47.69188690185547,2702900.0
2021-07-06,48.61000061035156,48.625,47.619998931884766,48.16999816894531,47.34785842895508,4026400.0
2021-07-07,48.20000076293945,49.05500030517578,48.02000045776367,48.83000183105469,47.99659729003906,4355900.0
2021-07-08,47.810001373291016,48.41999816894531,47.529998779296875,48.04999923706055,47.22990417480469,3482300.0
2021-07-09,48.54999923706055,48.8650016784668,48.209999084472656,48.27000045776367,47.44615173339844,3932600.0
2021-07-12,48.5,49.27000045776367,47.97999954223633,49.209999084472656,48.3701057434082,7450400.0
2021-07-13,49.09000015258789,49.6150016784668,49.02000045776367,49.22999954223633,48.3897705078125,5600100.0
2021-07-14,49.400001525878906,49.720001220703125,48.900001525878906,49.0,48.163692474365234,3919800.0
2021-07-15,48.72999954223633,49.67499923706055,48.5099983215332,49.560001373291016,48.71413040161133,3872700.0
2021-07-16,49.560001373291016,49.810001373291016,49.0,49.08000183105469,48.24232864379883,3331200.0
2021-07-19,48.310001373291016,48.5,47.650001525878906,48.25,47.42649459838867,3722800.0
2021-07-20,48.47999954223633,50.064998626708984,48.31700134277344,49.900001525878906,49.04833221435547,5358600.0
2021-07-21,50.02000045776367,50.59000015258789,49.939998626708984,50.45000076293945,49.58894348144531,3963100.0
2021-07-22,50.5,51.01499938964844,50.22999954223633,50.810001373291016,49.94280242919922,6025400.0
2021-07-23,50.959999084472656,51.959999084472656,50.939998626708984,51.900001525878906,51.014198303222656,4494200.0
2021-07-26,51.79999923706055,52.0880012512207,51.2599983215332,51.5099983215332,50.63085174560547,2856100.0
2021-07-27,51.5,52.40999984741211,51.2400016784668,51.959999084472656,51.07317352294922,4072200.0
2021-07-28,51.869998931884766,52.29999923706055,51.529998779296875,51.56999969482422,50.68982696533203,5156200.0
2021-07-29,53.07500076293945,54.08000183105469,52.18000030517578,53.939998626708984,53.01937484741211,6166600.0
2021-07-30,54.220001220703125,55.5099983215332,53.959999084472656,55.25,54.30702209472656,6506800.0
2021-08-02,55.29999923706055,56.029998779296875,54.481998443603516,54.61000061035156,53.67794418334961,4010800.0
2021-08-03,54.9900016784668,57.25,54.97999954223633,57.18000030517578,56.204078674316406,4994000.0
2021-08-04,56.599998474121094,57.900001525878906,56.540000915527344,57.040000915527344,56.06647491455078,4619100.0
2021-08-05,57.36000061035156,57.53499984741211,55.90999984741211,56.31999969482422,55.35875701904297,4508600.0
2021-08-06,56.52000045776367,56.81999969482422,55.85499954223633,56.380001068115234,55.41773223876953,4686200.0
2021-08-09,56.099998474121094,56.52899932861328,55.95500183105469,56.2400016784668,55.28012466430664,2423800.0
2021-08-10,56.400001525878906,57.5,56.2599983215332,56.61000061035156,55.64380645751953,3763200.0
2021-08-11,56.779998779296875,57.027000427246094,56.08000183105469,56.88999938964844,55.919029235839844,3039200.0
2021-08-12,56.34000015258789,56.56999969482422,55.66999816894531,55.97999954223633,55.02456283569336,3510400.0
2021-08-13,55.939998626708984,56.25,55.7400016784668,56.150001525878906,55.1916618347168,2316300.0
2021-08-16,55.9900016784668,56.83000183105469,55.619998931884766,56.599998474121094,55.633975982666016,2081400.0
2021-08-17,55.95000076293945,56.13999938964844,54.369998931884766,55.150001525878906,54.2087287902832,3597000.0
2021-08-18,55.150001525878906,55.9900016784668,55.040000915527344,55.16999816894531,54.2283821105957,2632300.0
2021-08-19,54.29999923706055,55.97999954223633,54.22999954223633,55.25,54.30702209472656,4225200.0
2021-08-20,55.470001220703125,55.599998474121094,54.709999084472656,55.369998931884766,54.42497253417969,2621200.0
2021-08-23,55.86000061035156,56.165000915527344,55.349998474121094,55.880001068115234,54.926273345947266,3493300.0
2021-08-24,55.779998779296875,56.685001373291016,55.7400016784668,56.61000061035156,55.64380645751953,2546500.0
2021-08-25,56.459999084472656,58.040000915527344,56.43000030517578,57.7400016784668,56.75452423095703,3900200.0
2021-08-26,57.650001525878906,57.974998474121094,57.154998779296875,57.380001068115234,56.40066909790039,3601000.0
2021-08-27,57.61000061035156,58.41999816894531,57.61000061035156,58.31999969482422,57.32461929321289,3722600.0
2021-08-30,58.52000045776367,58.88999938964844,58.02000045776367,58.029998779296875,57.03956985473633,3709300.0
2021-08-31,58.0,58.0099983215332,56.939998626708984,57.599998474121094,56.61690902709961,4837900.0
2021-09-01,57.900001525878906,57.970001220703125,56.7400016784668,57.88999938964844,56.90196228027344,3007500.0
2021-09-02,58.150001525878906,58.290000915527344,57.470001220703125,57.91999816894531,56.93144989013672,3333300.0
2021-09-03,57.68000030517578,57.86000061035156,57.25,57.40999984741211,56.430152893066406,3048700.0
2021-09-07,56.31999969482422,56.9900016784668,56.090999603271484,56.220001220703125,55.260467529296875,4744800.0
2021-09-08,56.08000183105469,56.95000076293945,55.790000915527344,56.65999984741211,55.692955017089844,2650800.0
2021-09-09,56.810001373291016,57.39500045776367,56.40999984741211,56.72999954223633,55.76176071166992,2202000.0
2021-09-10,57.15999984741211,57.22999954223633,56.400001525878906,56.43000030517578,55.46688461303711,2345300.0
2021-09-13,56.939998626708984,57.08000183105469,55.18000030517578,55.7400016784668,54.78865432739258,4235500.0
2021-09-14,56.0,56.03499984741211,54.59000015258789,54.97999954223633,54.041629791259766,6193900.0
2021-09-15,55.060001373291016,55.900001525878906,54.83000183105469,55.7599983215332,54.80831527709961,3148900.0
2021-09-16,55.66999816894531,55.86000061035156,54.689998626708984,55.06999969482422,54.130096435546875,6828000.0
2021-09-17,54.77000045776367,55.08000183105469,54.56999969482422,55.0,54.06128692626953,15945100.0
2021-09-20,53.95000076293945,54.599998474121094,53.060001373291016,53.81999969482422,52.90142822265625,6439800.0
2021-09-21,54.11000061035156,54.15999984741211,51.66999816894531,51.689998626708984,50.80778121948242,8805600.0
2021-09-22,52.16999816894531,53.119998931884766,52.09000015258789,52.59000015258789,51.692420959472656,7154300.0
2021-09-23,52.97999954223633,54.17499923706055,52.97999954223633,53.4900016784668,52.57706069946289,4273700.0
2021-09-24,52.88999938964844,53.459999084472656,52.810001373291016,53.119998931884766,52.21337127685547,2135700.0
2021-09-27,53.09000015258789,53.13999938964844,52.275001525878906,52.369998931884766,51.47617721557617,2297800.0
2021-09-28,51.77000045776367,52.18000030517578,51.310001373291016,51.959999084472656,51.07317352294922,5489800.0
2021-09-29,52.27000045776367,53.06999969482422,52.20000076293945,52.849998474121094,51.94798278808594,4735200.0
2021-09-30,53.13999938964844,53.68000030517578,51.72999954223633,51.7599983215332,50.8765869140625,7036700.0
2021-10-01,51.86000061035156,52.75,51.125,52.459999084472656,51.564640045166016,3618500.0
2021-10-04,52.060001373291016,52.52000045776367,51.560001373291016,52.33000183105469,51.436859130859375,3638300.0
2021-10-05,52.619998931884766,53.42499923706055,52.290000915527344,52.81999969482422,51.91849136352539,3524600.0
2021-10-06,52.130001068115234,52.709999084472656,51.61000061035156,52.61000061035156,51.712074279785156,2767500.0
2021-10-07,53.2400016784668,53.97999954223633,53.2400016784668,53.349998474121094,52.439449310302734,2225300.0
2021-10-08,52.939998626708984,53.209999084472656,51.459999084472656,51.5,50.62102508544922,3108600.0
2021-10-11,51.36000061035156,51.95000076293945,51.10100173950195,51.25,50.37529373168945,2566700.0
2021-10-12,51.28499984741211,51.439998626708984,50.08000183105469,50.29999923706055,49.441505432128906,6017700.0
2021-10-13,50.66999816894531,50.970001220703125,49.93000030517578,50.72999954223633,49.864166259765625,4474800.0
2021-10-14,51.369998931884766,53.04999923706055,51.290000915527344,53.0099983215332,52.10525131225586,5567200.0
2021-10-15,53.56999969482422,53.91999816894531,53.060001373291016,53.43000030517578,52.51808547973633,3602200.0
2021-10-18,52.97999954223633,54.02000045776367,52.90999984741211,53.97999954223633,53.05869674682617,2449600.0
2021-10-19,54.400001525878906,54.4900016784668,53.38999938964844,53.970001220703125,53.048866271972656,3360600.0
2021-10-20,54.220001220703125,54.58000183105469,53.720001220703125,54.02000045776367,53.09801483154297,3884100.0
2021-10-21,53.790000915527344,54.34000015258789,53.529998779296875,54.31999969482422,53.392887115478516,2397900.0
2021-10-22,54.77000045776367,55.099998474121094,54.38999938964844,54.65999984741211,53.727088928222656,3510600.0
2021-10-25,54.119998931884766,55.34000015258789,53.349998474121094,54.599998474121094,53.668113708496094,3312900.0
2021-10-26,54.70000076293945,54.880001068115234,53.68000030517578,53.72999954223633,52.812965393066406,2314700.0
2021-10-27,53.65999984741211,54.29999923706055,53.09000015258789,53.15999984741211,52.25269317626953,2673400.0
2021-10-28,53.209999084472656,54.505001068115234,52.630001068115234,54.41999816894531,53.61220932006836,3441300.0
2021-10-29,53.560001373291016,54.08000183105469,52.040000915527344,52.22999954223633,51.454715728759766,3955800.0
2021-11-01,52.349998474121094,52.66999816894531,51.86000061035156,52.16999816894531,51.39560317993164,2945900.0
2021-11-02,52.4900016784668,53.029998779296875,51.869998931884766,52.400001525878906,51.622196197509766,4231000.0
2021-11-03,51.95000076293945,52.5,51.18000030517578,51.970001220703125,51.19857406616211,3105700.0
2021-11-04,51.91999816894531,53.02000045776367,51.91999816894531,52.970001220703125,52.18373489379883,2486300.0
2021-11-05,53.209999084472656,53.44499969482422,52.41999816894531,52.790000915527344,52.006404876708984,2466600.0
2021-11-08,52.97999954223633,53.41999816894531,52.369998931884766,53.34000015258789,52.548240661621094,2144800.0
2021-11-09,53.56999969482422,54.86000061035156,53.5,54.810001373291016,53.996421813964844,3504300.0
2021-11-10,54.939998626708984,55.060001373291016,54.40999984741211,54.630001068115234,53.819091796875,2901800.0
2021-11-11,54.790000915527344,54.880001068115234,53.90999984741211,54.5,53.69102478027344,2315300.0
2021-11-12,54.900001525878906,56.15999984741211,54.68000030517578,56.119998931884766,55.28697204589844,2842500.0
2021-11-15,56.060001373291016,56.33000183105469,55.5,55.70000076293945,54.87321090698242,2956800.0
2021-11-16,55.52000045776367,56.630001068115234,55.5,56.2599983215332,55.424896240234375,3179900.0
2021-11-17,56.5,56.540000915527344,55.91999816894531,56.119998931884766,55.28697204589844,2507500.0
2021-11-18,56.54999923706055,57.060001373291016,56.20000076293945,57.02000045776367,56.173614501953125,3626600.0
2021-11-19,56.96500015258789,57.970001220703125,56.93000030517578,57.150001525878906,56.30168914794922,5009400.0
2021-11-22,57.369998931884766,57.599998474121094,56.400001525878906,56.40999984741211,55.572669982910156,4717900.0
2021-11-23,56.29999923706055,56.61000061035156,54.52000045776367,54.869998931884766,54.05552673339844,5108900.0
2021-11-24,54.58000183105469,55.83000183105469,54.349998474121094,55.689998626708984,54.86335754394531,3618700.0
2021-11-26,54.81999969482422,55.65999984741211,54.619998931884766,55.380001068115234,54.557960510253906,2927600.0
2021-11-29,56.15999984741211,56.20000076293945,55.02000045776367,55.97999954223633,55.149051666259766,3250400.0
2021-11-30,55.869998931884766,56.040000915527344,53.65999984741211,54.119998931884766,53.31666564941406,10100100.0
2021-12-01,54.790000915527344,55.900001525878906,53.54999923706055,53.599998474121094,52.804378509521484,4355300.0
2021-12-02,53.95000076293945,55.70000076293945,53.95000076293945,55.52000045776367,54.69587707519531,2869100.0
2021-12-03,55.86000061035156,56.17499923706055,54.970001220703125,56.119998931884766,55.28697204589844,3031200.0
2021-12-06,56.369998931884766,56.505001068115234,55.650001525878906,55.849998474121094,55.02097702026367,3194500.0
2021-12-07,56.13999938964844,57.689998626708984,55.77000045776367,56.63999938964844,55.79925537109375,3700200.0
2021-12-08,56.599998474121094,56.67499923706055,55.970001220703125,56.439998626708984,55.60222244262695,2563200.0
2021-12-09,56.720001220703125,57.025001525878906,55.91999816894531,55.9900016784668,55.158905029296875,2174700.0
2021-12-10,55.060001373291016,55.84000015258789,54.54999923706055,55.5099983215332,54.68602752685547,2536000.0
2021-12-13,55.81999969482422,56.040000915527344,54.88999938964844,54.93000030517578,54.11464309692383,4287700.0
2021-12-14,54.15999984741211,54.779998779296875,52.902000427246094,53.54999923706055,52.75511932373047,3663500.0
2021-12-15,53.63999938964844,53.66999816894531,52.084999084472656,53.54999923706055,52.75511932373047,5989600.0
2021-12-16,54.02000045776367,54.66999816894531,53.34000015258789,53.869998931884766,53.070369720458984,3802500.0
2021-12-17,53.54999923706055,53.689998626708984,51.97999954223633,52.2599983215332,51.48426818847656,7534500.0
2021-12-20,51.900001525878906,52.040000915527344,50.36000061035156,50.90999984741211,50.15431213378906,3492000.0
2021-12-21,51.505001068115234,52.15999984741211,51.15999984741211,52.130001068115234,51.356201171875,2162000.0
2021-12-22,51.869998931884766,52.650001525878906,51.650001525878906,52.52000045776367,51.88972091674805,2282800.0
2021-12-23,52.540000915527344,53.185001373291016,52.5099983215332,52.81999969482422,52.186119079589844,1938300.0
2021-12-27,53.279998779296875,53.59000015258789,52.93000030517578,53.529998779296875,52.887596130371094,1698700.0
2021-12-28,53.45000076293945,53.77000045776367,53.2400016784668,53.47999954223633,52.838199615478516,2485500.0
2021-12-29,53.439998626708984,53.8650016784668,53.13999938964844,53.7400016784668,53.09507751464844,3183200.0
2021-12-30,53.82500076293945,54.25,53.5,53.54999923706055,52.90735626220703,1426200.0
2021-12-31,53.540000915527344,54.560001373291016,53.36000061035156,54.2400016784668,53.58907699584961,2228900.0
2022-01-03,53.150001525878906,53.599998474121094,52.220001220703125,52.52000045776367,51.88972091674805,4505100.0
2022-01-04,54.2400016784668,54.63999938964844,53.209999084472656,53.81999969482422,53.17411804199219,5460300.0
2022-01-05,53.599998474121094,54.41999816894531,52.310001373291016,52.369998931884766,51.74151611328125,3484300.0
2022-01-06,52.45000076293945,53.5099983215332,52.45000076293945,53.5,52.85795974731445,3089800.0
2022-01-07,53.33000183105469,53.83000183105469,51.83000183105469,51.84000015258789,51.2178840637207,4117000.0
2022-01-10,51.22999954223633,52.5,50.34000015258789,52.31999969482422,51.69211959838867,3902300.0
2022-01-11,52.52000045776367,52.70500183105469,51.88999938964844,52.540000915527344,51.909481048583984,2715200.0
2022-01-12,53.189998626708984,53.40999984741211,52.459999084472656,53.0,52.36396408081055,2308300.0
2022-01-13,53.0,53.31999969482422,52.06999969482422,52.20000076293945,51.57356262207031,2669100.0
2022-01-14,51.47999954223633,51.47999954223633,50.15999984741211,51.099998474121094,50.486759185791016,3246700.0
2022-01-18,50.20000076293945,50.369998931884766,49.209999084472656,49.650001525878906,49.054161071777344,4107400.0
2022-01-19,49.86000061035156,50.290000915527344,48.72999954223633,48.790000915527344,48.2044792175293,3717300.0
2022-01-20,49.189998626708984,50.189998626708984,47.994998931884766,48.029998779296875,47.45360565185547,3871600.0
2022-01-21,48.2599983215332,48.86000061035156,47.47999954223633,47.79999923706055,47.22636032104492,3876000.0
2022-01-24,45.61000061035156,47.810001373291016,45.310001373291016,47.65999984741211,47.088043212890625,8927300.0
2022-01-25,47.060001373291016,47.560001373291016,46.11000061035156,47.209999084472656,46.6434440612793,4603400.0
2022-01-26,47.81999969482422,48.310001373291016,46.08000183105469,46.66999816894531,46.10992431640625,4684400.0
2022-01-27,46.97999954223633,47.5099983215332,45.939998626708984,46.09000015258789,45.53688430786133,4483600.0
2022-01-28,46.20000076293945,46.709999084472656,45.470001220703125,46.45000076293945,45.8925666809082,10734800.0
2022-01-31,46.439998626708984,47.7400016784668,46.279998779296875,47.68000030517578,47.10780334472656,8647500.0
2022-02-01,48.0,48.06999969482422,46.380001068115234,47.04999923706055,46.4853630065918,4645400.0
2022-02-02,47.25,48.150001525878906,47.189998626708984,47.5099983215332,46.93984603881836,5972800.0
2022-02-03,46.810001373291016,47.34000015258789,46.16999816894531,46.2400016784668,45.68508529663086,6651800.0
2022-02-04,45.970001220703125,46.47999954223633,44.84000015258789,45.84000015258789,45.289886474609375,6896800.0
2022-02-07,45.650001525878906,46.119998931884766,45.349998474121094,45.720001220703125,45.171329498291016,7355300.0
2022-02-08,45.540000915527344,46.95000076293945,45.25,46.060001373291016,45.50724792480469,7924900.0
2022-02-09,46.97999954223633,48.08000183105469,46.84000015258789,47.97999954223633,47.404205322265625,6087400.0
2022-02-10,47.220001220703125,48.189998626708984,46.755001068115234,47.150001525878906,46.584163665771484,5086100.0
2022-02-11,47.040000915527344,47.220001220703125,44.9900016784668,45.5,44.9539680480957,5862900.0
2022-02-14,45.52000045776367,45.779998779296875,44.290000915527344,44.790000915527344,44.25248336791992,6410400.0
2022-02-15,45.560001373291016,45.86000061035156,45.34000015258789,45.75,45.200965881347656,4648300.0
2022-02-16,45.459999084472656,45.90999984741211,45.0,45.650001525878906,45.10216522216797,4210100.0
2022-02-17,45.15999984741211,45.5,44.459999084472656,44.58000183105469,44.045005798339844,4202400.0
2022-02-18,44.7400016784668,44.880001068115234,43.959999084472656,44.08000183105469,43.55101013183594,4938700.0
2022-02-22,43.9900016784668,45.650001525878906,43.709999084472656,45.290000915527344,44.74648666381836,7327500.0
2022-02-23,45.7599983215332,45.790000915527344,43.75,43.84000015258789,43.31388473510742,4994500.0
2022-02-24,42.75,44.81999969482422,42.45000076293945,44.709999084472656,44.17344284057617,5037300.0
2022-02-25,44.685001373291016,45.459999084472656,44.130001068115234,45.22999954223633,44.68720245361328,4237800.0
2022-02-28,44.459999084472656,45.099998474121094,44.22999954223633,44.880001068115234,44.341407775878906,4992600.0
2022-03-01,45.15999984741211,45.15999984741211,43.47999954223633,43.720001220703125,43.19532775878906,6459900.0
2022-03-02,44.13999938964844,45.18000030517578,44.03499984741211,44.90999984741211,44.37104415893555,7515000.0
2022-03-03,45.380001068115234,45.90999984741211,44.97999954223633,45.880001068115234,45.329410552978516,6534900.0
2022-03-04,45.189998626708984,45.63999938964844,44.32500076293945,45.0,44.459964752197266,9055000.0
2022-03-07,45.0,45.04499816894531,43.470001220703125,43.52000045776367,42.99772644042969,7210800.0
2022-03-08,43.400001525878906,44.41999816894531,42.849998474121094,43.58000183105469,43.0570068359375,6755900.0
2022-03-09,44.439998626708984,45.13999938964844,44.1349983215332,44.59000015258789,44.05488586425781,4529000.0
2022-03-10,43.93000030517578,44.18000030517578,43.560001373291016,43.810001373291016,43.28424835205078,3615800.0
2022-03-11,44.279998779296875,44.31999969482422,43.189998626708984,43.220001220703125,42.70132827758789,3770900.0
2022-03-14,43.54999923706055,44.099998474121094,42.834999084472656,42.90999984741211,42.39504623413086,6058800.0
2022-03-15,43.5,45.33000183105469,43.415000915527344,45.20000076293945,44.65756607055664,5998100.0
2022-03-16,45.560001373291016,47.099998474121094,45.52000045776367,46.880001068115234,46.317405700683594,5944300.0
2022-03-17,46.209999084472656,47.119998931884766,46.150001525878906,47.119998931884766,46.55451965332031,3766500.0
2022-03-18,47.15999984741211,47.83000183105469,46.63999938964844,47.779998779296875,47.20660400390625,6620000.0
2022-03-21,47.279998779296875,47.93000030517578,46.97999954223633,47.47999954223633,46.91020202636719,3467800.0
2022-03-22,47.59000015258789,47.935001373291016,47.01599884033203,47.4900016784668,46.92008590698242,3376000.0
2022-03-23,46.86000061035156,47.290000915527344,46.45000076293945,46.52000045776367,45.96171951293945,2633700.0
2022-03-24,46.689998626708984,46.72999954223633,46.029998779296875,46.16999816894531,45.61592102050781,2676500.0
2022-03-25,46.189998626708984,46.439998626708984,45.540000915527344,46.38999938964844,45.833282470703125,3624000.0
2022-03-28,46.439998626708984,46.90999984741211,46.0,46.88999938964844,46.3272819519043,2417200.0
2022-03-29,47.72999954223633,48.47999954223633,47.18000030517578,48.08000183105469,47.50300598144531,3024300.0
2022-03-30,47.880001068115234,48.220001220703125,47.36000061035156,47.56999969482422,46.99912643432617,2737400.0
2022-03-31,47.290000915527344,47.529998779296875,45.83000183105469,45.869998931884766,45.319522857666016,4390200.0
2022-04-01,46.29999923706055,46.40999984741211,45.650001525878906,46.040000915527344,45.48748779296875,2540800.0
2022-04-04,45.5099983215332,45.720001220703125,44.68000030517578,45.25,44.706966400146484,4753300.0
2022-04-05,45.040000915527344,45.17499923706055,44.34000015258789,44.540000915527344,44.00548553466797,3144300.0
2022-04-06,43.970001220703125,44.040000915527344,43.310001373291016,43.880001068115234,43.35340881347656,4214100.0
2022-04-07,43.33000183105469,44.0099983215332,43.08000183105469,43.689998626708984,43.165687561035156,4199500.0
2022-04-08,43.84000015258789,44.40999984741211,43.15999984741211,43.380001068115234,42.859405517578125,3311700.0
2022-04-11,42.810001373291016,43.2599983215332,42.30500030517578,42.439998626708984,41.930686950683594,4399000.0
2022-04-12,42.65999984741211,43.20000076293945,41.520999908447266,41.779998779296875,41.27860641479492,4808300.0
2022-04-13,41.79999923706055,42.599998474121094,41.650001525878906,42.11000061035156,41.60464859008789,3202400.0
2022-04-14,42.119998931884766,42.33000183105469,41.27000045776367,41.279998779296875,40.78460693359375,2618300.0
2022-04-18,41.33000183105469,41.779998779296875,40.959999084472656,41.290000915527344,40.794490814208984,3323000.0
2022-04-19,41.45000076293945,42.54999923706055,41.349998474121094,42.5,41.98997116088867,4335700.0
2022-04-20,42.86000061035156,43.7400016784668,42.86000061035156,43.45000076293945,42.92856979370117,3667400.0
2022-04-21,43.869998931884766,44.68000030517578,42.56999969482422,42.81999969482422,42.30612564086914,3841000.0
2022-04-22,42.459999084472656,42.54999923706055,41.61000061035156,41.66999816894531,41.169921875,4065400.0
2022-04-25,41.400001525878906,42.02000045776367,40.779998779296875,41.959999084472656,41.45644760131836,3254000.0
2022-04-26,41.599998474121094,41.779998779296875,39.93000030517578,40.04999923706055,39.56937026977539,5155000.0
2022-04-27,40.09000015258789,40.93000030517578,40.0,40.2599983215332,39.77684783935547,4349400.0
2022-04-28,36.279998779296875,39.654998779296875,36.22999954223633,39.40999984741211,39.08266067504883,15034800.0
2022-04-29,39.560001373291016,39.59000015258789,38.099998474121094,38.27000045776367,37.95213317871094,8408100.0
2022-05-02,38.540000915527344,39.040000915527344,37.625999450683594,38.599998474121094,38.279388427734375,7172200.0
2022-05-03,38.61000061035156,38.779998779296875,38.040000915527344,38.380001068115234,38.06121826171875,9902700.0
2022-05-04,38.4900016784668,39.57500076293945,37.310001373291016,39.40999984741211,39.08266067504883,7947300.0
2022-05-05,38.959999084472656,39.43000030517578,37.56999969482422,37.959999084472656,37.64470672607422,5054100.0
2022-05-06,37.779998779296875,38.0,37.06999969482422,37.779998779296875,37.4661979675293,4821000.0
2022-05-09,37.220001220703125,38.790000915527344,37.02000045776367,38.130001068115234,37.81329345703125,6091700.0
2022-05-10,38.61000061035156,38.900001525878906,37.21500015258789,38.09000015258789,37.77362823486328,5792700.0
2022-05-11,38.06999969482422,38.7599983215332,37.529998779296875,37.59000015258789,37.27778244018555,4809700.0
2022-05-12,37.5099983215332,39.13999938964844,37.279998779296875,39.099998474121094,38.775238037109375,7032900.0
2022-05-13,39.59000015258789,40.43000030517578,39.59000015258789,40.189998626708984,39.85618209838867,5070700.0
2022-05-16,39.93000030517578,40.275001525878906,39.2599983215332,39.86000061035156,39.528926849365234,5684800.0
2022-05-17,40.619998931884766,40.72999954223633,39.31999969482422,40.18000030517578,39.84626770019531,6868800.0
2022-05-18,38.75,39.47999954223633,37.20000076293945,37.36000061035156,37.04969024658203,7059600.0
2022-05-19,37.099998474121094,38.0099983215332,36.90999984741211,37.40999984741211,37.099273681640625,4142300.0
2022-05-20,37.959999084472656,38.22999954223633,36.97999954223633,37.959999084472656,37.64470672607422,5539600.0
2022-05-23,38.52000045776367,38.58000183105469,37.65999984741211,38.27000045776367,37.95213317871094,3170200.0
2022-05-24,38.04999923706055,38.25,37.0,37.939998626708984,37.62487030029297,3252900.0
2022-05-25,37.68000030517578,38.46500015258789,37.56999969482422,38.290000915527344,37.97196578979492,3608400.0
2022-05-26,38.70000076293945,39.46500015258789,38.70000076293945,39.33000183105469,39.003326416015625,3907900.0
2022-05-27,39.7599983215332,40.3650016784668,39.75,40.22999954223633,39.895851135253906,3359700.0
2022-05-31,39.779998779296875,39.9900016784668,38.79999923706055,39.310001373291016,38.98349380493164,14520500.0
2022-06-01,39.27000045776367,39.40999984741211,38.5099983215332,38.939998626708984,38.6165657043457,2855700.0
2022-06-02,39.2599983215332,40.099998474121094,39.0099983215332,40.08000183105469,39.747100830078125,3231700.0
2022-06-03,39.650001525878906,39.89500045776367,39.45000076293945,39.59000015258789,39.261165618896484,3212600.0
2022-06-06,39.77000045776367,40.14500045776367,39.540000915527344,39.56999969482422,39.2413330078125,2514800.0
2022-06-07,39.2400016784668,40.0099983215332,39.13999938964844,39.9900016784668,39.6578483581543,2806200.0
2022-06-08,39.75,39.81999969482422,39.15999984741211,39.38999938964844,39.062828063964844,2830000.0
2022-06-09,39.189998626708984,39.599998474121094,38.84000015258789,38.849998474121094,38.52730941772461,2070500.0
2022-06-10,38.27000045776367,38.27000045776367,37.02000045776367,37.34000015258789,37.02985382080078,3462600.0
2022-06-13,36.41999816894531,37.060001373291016,36.04999923706055,36.4900016784668,36.18691635131836,4587300.0
2022-06-14,36.40999984741211,36.83000183105469,35.77000045776367,35.939998626708984,35.641483306884766,3892400.0
2022-06-15,36.33000183105469,37.17499923706055,35.900001525878906,36.77000045776367,36.46459197998047,4040300.0
2022-06-16,35.869998931884766,35.9900016784668,34.36000061035156,34.58000183105469,34.292781829833984,4515200.0
2022-06-17,34.650001525878906,35.18000030517578,34.2400016784668,34.40999984741211,34.12419128417969,10802500.0
2022-06-21,34.72999954223633,35.15999984741211,34.34000015258789,35.0099983215332,34.719207763671875,4685400.0
2022-06-22,34.369998931884766,35.08000183105469,34.119998931884766,34.779998779296875,34.639530181884766,6304800.0
2022-06-23,34.66999816894531,34.97999954223633,34.470001220703125,34.81999969482422,34.67937088012695,6798300.0
2022-06-24,35.15999984741211,36.400001525878906,34.96500015258789,36.29999923706055,36.15339279174805,15472900.0
2022-06-27,36.349998474121094,36.529998779296875,35.58000183105469,36.11000061035156,35.96416091918945,3897700.0
2022-06-28,36.22999954223633,36.97999954223633,35.90999984741211,35.9900016784668,35.84464645385742,5341300.0
2022-06-29,35.91999816894531,35.970001220703125,35.29999923706055,35.790000915527344,35.64545440673828,5743200.0
2022-06-30,35.52000045776367,36.349998474121094,35.31999969482422,35.65999984741211,35.5159797668457,6442300.0
2022-07-01,35.77000045776367,36.2599983215332,35.380001068115234,36.0,35.85460662841797,4214200.0
2022-07-05,35.40999984741211,36.09000015258789,35.0099983215332,36.06999969482422,35.924320220947266,4414400.0
2022-07-06,36.29999923706055,36.40999984741211,35.77000045776367,36.18000030517578,36.033878326416016,3850700.0
2022-07-07,36.2599983215332,36.439998626708984,35.79999923706055,36.400001525878906,36.25299072265625,3673600.0
2022-07-08,36.40999984741211,36.505001068115234,35.939998626708984,36.06999969482422,35.924320220947266,3346800.0
2022-07-11,35.90999984741211,36.83000183105469,35.709999084472656,36.529998779296875,36.38246154785156,4201200.0
2022-07-12,36.540000915527344,37.189998626708984,35.930999755859375,36.130001068115234,35.98408126831055,3343000.0
2022-07-13,35.52000045776367,35.974998474121094,35.20000076293945,35.72999954223633,35.585693359375,2347700.0
2022-07-14,35.0,35.689998626708984,34.689998626708984,35.61000061035156,35.46617889404297,3508500.0
2022-07-15,36.119998931884766,36.25,35.564998626708984,36.0,35.85460662841797,3424000.0
2022-07-18,36.099998474121094,36.33000183105469,35.38999938964844,35.54999923706055,35.40642166137695,2593600.0
2022-07-19,36.0,37.29999923706055,35.93000030517578,37.16999816894531,37.01987838745117,2676000.0
2022-07-20,37.150001525878906,37.529998779296875,36.96500015258789,37.38999938964844,37.238990783691406,2579600.0
2022-07-21,37.400001525878906,38.314998626708984,37.220001220703125,38.27000045776367,38.11543655395508,2799800.0
2022-07-22,38.400001525878906,38.63999938964844,38.064998626708984,38.5,38.34450912475586,4294200.0
2022-07-25,38.369998931884766,38.61000061035156,37.952999114990234,38.22999954223633,38.075599670410156,4092700.0
2022-07-26,37.900001525878906,38.255001068115234,37.16999816894531,38.09000015258789,37.93616485595703,5430700.0
2022-07-27,38.31999969482422,39.65999984741211,38.029998779296875,39.540000915527344,39.38031005859375,5451500.0
2022-07-28,39.900001525878906,40.060001373291016,38.154998779296875,39.47999954223633,39.32054901123047,6629800.0
2022-07-29,39.72999954223633,40.625,39.27000045776367,40.529998779296875,40.36630630493164,4777300.0
2022-08-01,40.150001525878906,41.03499984741211,40.150001525878906,40.56999969482422,40.40614700317383,3997200.0
2022-08-02,40.40999984741211,41.13999938964844,40.20500183105469,40.40999984741211,40.246795654296875,6508800.0
2022-08-03,40.5099983215332,40.869998931884766,39.900001525878906,40.7599983215332,40.59537887573242,4707600.0
2022-08-04,40.79999923706055,41.89899826049805,40.790000915527344,41.810001373291016,41.64113998413086,5381700.0
2022-08-05,41.54999923706055,41.93000030517578,41.279998779296875,41.880001068115234,41.71085739135742,5573900.0
2022-08-08,42.22999954223633,42.66999816894531,41.90999984741211,41.939998626708984,41.77061462402344,4136400.0
2022-08-09,41.65999984741211,41.900001525878906,41.47999954223633,41.7599983215332,41.591339111328125,4719000.0
2022-08-10,42.63999938964844,43.185001373291016,42.529998779296875,42.86000061035156,42.6869010925293,3437600.0
2022-08-11,43.060001373291016,43.90999984741211,43.02000045776367,43.04999923706055,42.876129150390625,4107100.0
2022-08-12,43.2599983215332,44.0,43.04999923706055,43.970001220703125,43.792415618896484,3566700.0
2022-08-15,43.7599983215332,44.505001068115234,43.52000045776367,44.40999984741211,44.23064041137695,3302900.0
2022-08-16,44.060001373291016,44.599998474121094,43.959999084472656,44.38999938964844,44.21072006225586,2430500.0
2022-08-17,43.86000061035156,44.459999084472656,43.779998779296875,44.130001068115234,43.9517707824707,2406100.0
2022-08-18,44.22999954223633,44.404998779296875,43.9900016784668,44.29999923706055,44.1210823059082,2071500.0
2022-08-19,44.0,44.08000183105469,42.32500076293945,42.47999954223633,42.308433532714844,6053700.0
2022-08-22,41.88999938964844,41.93000030517578,41.400001525878906,41.619998931884766,41.451904296875,5642700.0
2022-08-23,41.619998931884766,41.86000061035156,41.189998626708984,41.459999084472656,41.29255294799805,4899500.0
2022-08-24,41.45000076293945,41.77000045776367,41.32500076293945,41.65999984741211,41.49174499511719,3066400.0
2022-08-25,42.0,42.255001068115234,41.599998474121094,41.9900016784668,41.82041549682617,3447200.0
2022-08-26,42.16999816894531,42.2400016784668,40.19499969482422,40.2400016784668,40.077484130859375,2669400.0
2022-08-29,39.84000015258789,40.275001525878906,39.72999954223633,39.7400016784668,39.57950210571289,3837700.0
2022-08-30,39.810001373291016,40.09000015258789,39.220001220703125,39.310001373291016,39.15123748779297,6094000.0
2022-08-31,39.56999969482422,39.60499954223633,38.959999084472656,39.119998931884766,38.96200180053711,7306700.0
2022-09-01,39.029998779296875,39.81999969482422,38.96699905395508,39.790000915527344,39.62929916381836,7003700.0
2022-09-02,40.70000076293945,40.790000915527344,39.35499954223633,39.58000183105469,39.42014694213867,3601700.0
2022-09-06,39.7400016784668,40.310001373291016,39.16999816894531,40.29999923706055,40.137237548828125,4183600.0
2022-09-07,40.43000030517578,41.525001525878906,40.349998474121094,41.5,41.332393646240234,3202500.0
2022-09-08,41.13999938964844,42.15999984741211,41.04999923706055,42.119998931884766,41.949886322021484,3962300.0
2022-09-09,42.27000045776367,42.65999984741211,41.93000030517578,42.16999816894531,41.99968338012695,3459300.0
2022-09-12,42.47999954223633,42.7599983215332,41.959999084472656,42.290000915527344,42.11920166015625,3346000.0
2022-09-13,41.220001220703125,41.790000915527344,40.810001373291016,40.880001068115234,40.71489715576172,3458100.0
2022-09-14,40.81999969482422,40.91999816894531,39.7599983215332,40.18000030517578,40.017723083496094,4451900.0
2022-09-15,40.0,40.65999984741211,39.875,40.400001525878906,40.23683547973633,3857700.0
2022-09-16,40.06999969482422,40.06999969482422,38.11000061035156,38.439998626708984,38.28474807739258,7570600.0
2022-09-19,38.13999938964844,38.88999938964844,38.029998779296875,38.81999969482422,38.66321563720703,3622500.0
2022-09-20,38.4900016784668,38.59000015258789,37.25,37.810001373291016,37.65729522705078,4278000.0
2022-09-21,38.060001373291016,38.709999084472656,37.45500183105469,37.5099983215332,37.35850524902344,3828500.0
2022-09-22,37.25,37.380001068115234,36.189998626708984,36.20000076293945,36.05379867553711,3430600.0
2022-09-23,35.95000076293945,36.38999938964844,35.62799835205078,36.11000061035156,35.96416091918945,3597200.0
2022-09-26,35.869998931884766,36.18000030517578,34.95000076293945,35.279998779296875,35.13751220703125,3284500.0
2022-09-27,35.720001220703125,35.779998779296875,35.0099983215332,35.54999923706055,35.40642166137695,4334600.0
2022-09-28,35.59000015258789,37.185001373291016,35.47999954223633,36.900001525878906,36.750972747802734,4526300.0
2022-09-29,36.47999954223633,36.599998474121094,35.349998474121094,35.619998931884766,35.476139068603516,4350000.0
2022-09-30,35.7400016784668,36.35499954223633,35.459999084472656,35.560001373291016,35.4163818359375,4559200.0
2022-10-03,35.93000030517578,37.220001220703125,35.69499969482422,36.810001373291016,36.66133499145508,3184500.0
2022-10-04,37.45000076293945,38.630001068115234,37.38999938964844,38.58000183105469,38.42418670654297,3973700.0
2022-10-05,37.91999816894531,38.529998779296875,37.689998626708984,38.20000076293945,38.045719146728516,2823600.0
2022-10-06,37.9900016784668,38.209999084472656,36.97999954223633,37.209999084472656,37.059715270996094,5592100.0
2022-10-07,36.70000076293945,36.959999084472656,35.02000045776367,35.33000183105469,35.187313079833984,9001800.0
2022-10-10,35.650001525878906,36.04499816894531,35.380001068115234,35.599998474121094,35.45621871948242,4794900.0
2022-10-11,35.45000076293945,35.95000076293945,34.96500015258789,35.150001525878906,35.00803756713867,5111800.0
2022-10-12,35.189998626708984,35.38999938964844,34.77000045776367,34.880001068115234,34.73912811279297,4065400.0
2022-10-13,33.88999938964844,35.13999938964844,33.099998474121094,34.849998474121094,34.70924758911133,7759200.0
2022-10-14,35.099998474121094,35.810001373291016,34.34000015258789,34.56999969482422,34.430381774902344,8519800.0
2022-10-17,35.52000045776367,35.9900016784668,34.91999816894531,35.54999923706055,35.40642166137695,8497400.0
2022-10-18,36.4900016784668,36.810001373291016,35.849998474121094,36.31999969482422,36.17331314086914,4229500.0
2022-10-19,35.81999969482422,35.88999938964844,34.56999969482422,34.88999938964844,34.749088287353516,4584800.0
2022-10-20,34.88999938964844,35.2599983215332,33.93000030517578,34.060001373291016,33.92244338989258,4300200.0
2022-10-21,34.20000076293945,35.349998474121094,33.95500183105469,35.189998626708984,35.047874450683594,4411100.0
2022-10-24,35.47999954223633,36.064998626708984,35.209999084472656,35.849998474121094,35.70520782470703,3761500.0
2022-10-25,35.779998779296875,37.32500076293945,35.779998779296875,37.290000915527344,37.13939666748047,5141700.0
2022-10-26,37.369998931884766,37.93000030517578,37.08000183105469,37.13999938964844,36.9900016784668,4953000.0
2022-10-27,38.04999923706055,38.59000015258789,37.529998779296875,37.880001068115234,37.880001068115234,7529900.0
2022-10-28,37.619998931884766,39.97999954223633,37.439998626708984,39.95000076293945,39.95000076293945,5534100.0
2022-10-31,39.5099983215332,39.9900016784668,39.42499923706055,39.7599983215332,39.7599983215332,5508200.0
2022-11-01,40.31999969482422,40.45000076293945,39.40999984741211,39.709999084472656,39.709999084472656,5129100.0
2022-11-02,39.72999954223633,40.959999084472656,39.099998474121094,39.119998931884766,39.119998931884766,5876900.0
2022-11-03,38.09000015258789,39.7599983215332,37.939998626708984,39.369998931884766,39.369998931884766,4270600.0
2022-11-04,40.220001220703125,40.369998931884766,39.439998626708984,40.279998779296875,40.279998779296875,3400600.0
2022-11-07,40.40999984741211,41.119998931884766,40.119998931884766,41.040000915527344,41.040000915527344,3730200.0
2022-11-08,41.189998626708984,41.8849983215332,40.904998779296875,41.40999984741211,41.40999984741211,3359800.0
2022-11-09,41.060001373291016,41.36000061035156,40.275001525878906,40.34000015258789,40.34000015258789,2803200.0
2022-11-10,42.33000183105469,43.72999954223633,42.20000076293945,43.47999954223633,43.47999954223633,5863500.0
2022-11-11,43.400001525878906,44.75199890136719,43.19900131225586,44.439998626708984,44.439998626708984,4760300.0
2022-11-14,44.0099983215332,44.43000030517578,43.59000015258789,43.61000061035156,43.61000061035156,3731600.0
2022-11-15,44.52000045776367,44.88999938964844,43.849998474121094,44.349998474121094,44.349998474121094,3127800.0
2022-11-16,44.349998474121094,44.5,43.540000915527344,43.86000061035156,43.86000061035156,2936200.0
2022-11-17,43.2400016784668,43.31999969482422,42.130001068115234,43.040000915527344,43.040000915527344,3077800.0
2022-11-18,43.93000030517578,44.22200012207031,43.36000061035156,43.91999816894531,43.91999816894531,4272700.0
2022-11-21,43.880001068115234,44.04999923706055,43.599998474121094,43.88999938964844,43.88999938964844,2477100.0
2022-11-22,44.25,44.29999923706055,43.744998931884766,44.040000915527344,44.040000915527344,3125500.0
2022-11-23,44.11000061035156,44.630001068115234,43.810001373291016,44.15999984741211,44.15999984741211,2606700.0
2022-11-25,44.20000076293945,44.40999984741211,44.099998474121094,44.209999084472656,44.209999084472656,986300.0
2022-11-28,43.849998474121094,44.20000076293945,43.13999938964844,43.310001373291016,43.310001373291016,2370700.0
2022-11-29,43.16999816894531,43.72999954223633,43.08000183105469,43.52000045776367,43.52000045776367,3259800.0
2022-11-30,43.369998931884766,44.38999938964844,42.14500045776367,44.31999969482422,44.31999969482422,8731200.0
2022-12-01,44.81999969482422,45.220001220703125,44.39500045776367,44.93000030517578,44.93000030517578,4361500.0
2022-12-02,44.13999938964844,45.0,43.91999816894531,44.68000030517578,44.68000030517578,3857000.0
2022-12-05,43.970001220703125,44.04499816894531,43.20000076293945,43.7599983215332,43.7599983215332,3726200.0
2022-12-06,43.849998474121094,43.95000076293945,42.4900016784668,43.02000045776367,43.02000045776367,2505200.0
2022-12-07,43.04999923706055,43.61000061035156,42.75,43.08000183105469,43.08000183105469,3973900.0
2022-12-08,43.2400016784668,43.755001068115234,43.119998931884766,43.470001220703125,43.470001220703125,2524200.0
2022-12-09,43.36000061035156,43.599998474121094,42.95000076293945,43.02000045776367,43.02000045776367,3065200.0
2022-12-12,42.61000061035156,43.30500030517578,42.3849983215332,43.2599983215332,43.2599983215332,3593600.0
2022-12-13,44.720001220703125,45.0,43.79999923706055,44.31999969482422,44.31999969482422,6015600.0
